{
	"format_version": "1.8.0",
	"animations": {
		"animation.npc_batlemur.idle": {
			"loop": true,
			"animation_length": 7.20833,
			"bones": {
				"body": {
					"rotation": {
						"0.0": [
							"15+math.sin(query.anim_time*250)*-2",
							0,
							0
						],
						"1.5833": [
							"15+math.sin(query.anim_time*250)*-2",
							0,
							0
						],
						"1.75": [
							"30+math.sin(query.anim_time*250)*-2",
							0,
							0
						],
						"2.0": [
							"15+math.sin(query.anim_time*250)*-2",
							0,
							0
						]
					},
					"position": {
						"0.0": [
							0,
							-7,
							"math.sin(query.anim_time*250)*0.2"
						],
						"1.5833": [
							0,
							-7,
							"math.sin(query.anim_time*250)*0.2"
						],
						"1.75": [
							0,
							-7,
							"-1.5+math.sin(query.anim_time*250)*0.2"
						],
						"2.0": [
							0,
							-7,
							"math.sin(query.anim_time*250)*0.2"
						]
					}
				},
				"rightArm": {
					"rotation": {
						"0.0": [
							-126.57059,
							-54.01538,
							72.18194
						],
						"1.5833": [
							-126.57,
							-54.02,
							72.18
						],
						"1.75": [
							-40.36327,
							-61.1428,
							15.8714
						],
						"2.0": [
							52.84976,
							-73.00152,
							-34.98678
						],
						"2.1667": [
							-126.57,
							-54.02,
							72.18
						]
					},
					"position": {
						"1.5833": [
							0,
							0,
							0
						],
						"2.1667": [
							0,
							0,
							0
						]
					}
				},
				"leftArm": {
					"rotation": {
						"0.0": [
							-135.82654,
							49.22918,
							-79.58576
						],
						"1.5833": [
							-135.83,
							49.23,
							-79.59
						],
						"1.75": [
							-59.47885,
							55.86941,
							-43.73982
						],
						"2.0": [
							-2.24138,
							53.78824,
							-21.45087
						],
						"2.1667": [
							-135.83,
							49.23,
							-79.59
						]
					},
					"position": {
						"1.5833": [
							0,
							0,
							0
						],
						"2.1667": [
							0,
							0,
							0
						]
					}
				},
				"head": {
					"rotation": {
						"0.0": [
							"-17.5+math.sin(query.anim_time*250+40)*4",
							0,
							0
						],
						"0.8333": [
							"-17.5+math.sin(query.anim_time*250+40)*4",
							0,
							0
						],
						"1.0": [
							"-31.4333+math.sin(query.anim_time*250+40)*4",
							1.34387,
							7.84165
						],
						"1.5833": [
							"-31.4333+math.sin(query.anim_time*250+40)*4",
							1.34,
							7.84
						],
						"1.6667": [
							-1.62701,
							1.34,
							7.84
						],
						"1.8333": [
							"1.0667+math.sin(query.anim_time*250+40)*4",
							1.34,
							7.84
						],
						"2.0": [
							"-31.4333+math.sin(query.anim_time*250+40)*4",
							1.34,
							7.84
						],
						"4.0": [
							"-31.4333+math.sin(query.anim_time*250+40)*4",
							1.34,
							7.84
						],
						"4.125": [
							"-30.0315+math.sin(query.anim_time*250+40)*4",
							-6.98388,
							-19.99891
						],
						"5.5417": [
							"-30.0315+math.sin(query.anim_time*250+40)*4",
							-6.98,
							-20
						],
						"5.7083": [
							"-17.5+math.sin(query.anim_time*250+40)*4",
							0,
							0
						]
					}
				},
				"tail": {
					"rotation": [
						"math.sin(query.anim_time*250)*10",
						0,
						0
					]
				},
				"tail_2": {
					"rotation": [
						"math.sin(query.anim_time*250+40)*-10",
						0,
						0
					]
				},
				"rightThigh": {
					"rotation": [
						-80.63304,
						27.38656,
						-2.59775
					],
					"position": [
						-0.5,
						-9,
						0
					]
				},
				"leftThigh": {
					"rotation": [
						-83.16833,
						-45.58708,
						15.75767
					],
					"position": [
						0,
						-9,
						0
					]
				},
				"leftLeg": {
					"rotation": [
						97.5,
						0,
						0
					],
					"position": [
						0,
						0.7,
						0.6
					]
				},
				"righLeg": {
					"rotation": [
						94.38997,
						22.29711,
						-3.09472
					],
					"position": [
						0,
						0.9,
						0.2
					]
				},
				"leftEar": {
					"rotation": {
						"0.0": [
							0,
							"math.sin(query.anim_time*250+40)*4",
							15
						],
						"0.8333": [
							0,
							"math.sin(query.anim_time*250+40)*4",
							45
						],
						"0.9167": [
							0.97963,
							-1.17316,
							22.5
						],
						"1.0833": [
							1.28519,
							"5.2257+math.sin(query.anim_time*250+40)*4",
							30
						],
						"1.5833": [
							1.29,
							"5.2257+math.sin(query.anim_time*250+40)*4",
							30
						],
						"1.75": [
							-18.48454,
							"-4.2546+math.sin(query.anim_time*250+40)*4",
							37.5
						],
						"2.0": [
							1.29,
							"5.2257+math.sin(query.anim_time*250+40)*4",
							37.5
						],
						"4.0": [
							1.29,
							"5.2257+math.sin(query.anim_time*250+40)*4",
							37.5
						],
						"4.1667": [
							-1.83597,
							"5.0639+math.sin(query.anim_time*250+40)*4",
							0
						],
						"4.2917": [
							-0.02105,
							"5.2756+math.sin(query.anim_time*250+40)*4",
							15
						],
						"5.5417": [
							-0.02,
							"5.2756+math.sin(query.anim_time*250+40)*4",
							15
						],
						"5.7917": [
							1.46417,
							4.03028,
							30
						],
						"5.9583": [
							0,
							"math.sin(query.anim_time*250+40)*4",
							15
						]
					}
				},
				"rightEar": {
					"rotation": {
						"0.0": [
							0,
							"math.sin(query.anim_time*250+40)*-4",
							-15
						],
						"0.8333": [
							0,
							"math.sin(query.anim_time*250+40)*-4",
							-45
						],
						"1.0": [
							1.75573,
							"8+math.sin(query.anim_time*250+40)*-4",
							-22.5
						],
						"1.5833": [
							1.76,
							"8+math.sin(query.anim_time*250+40)*-4",
							-22.5
						],
						"1.75": [
							-30.74,
							"8+math.sin(query.anim_time*250+40)*-4",
							-22.5
						],
						"2.0": [
							1.76,
							"8+math.sin(query.anim_time*250+40)*-4",
							-22.5
						],
						"4.0": [
							1.76,
							"8+math.sin(query.anim_time*250+40)*-4",
							-22.5
						],
						"4.1667": [
							-1.34087,
							"8.0815+math.sin(query.anim_time*250+40)*-4",
							-45
						],
						"4.2917": [
							-0.19876,
							"8.2433+math.sin(query.anim_time*250+40)*-4",
							-30
						],
						"5.5417": [
							-0.2,
							"8.2433+math.sin(query.anim_time*250+40)*-4",
							-30
						],
						"5.7917": [
							-0.2069,
							-0.88538,
							-22.5
						],
						"5.9583": [
							0,
							"math.sin(query.anim_time*250+40)*-4",
							-15
						]
					}
				}
			}
		},
		"animation.npc_batlemur.jumping": {
			"loop": "hold_on_last_frame",
			"animation_length": 2.45833,
			"bones": {
				"body": {
					"rotation": {
						"0.0": [
							0,
							0,
							0
						],
						"0.125": [
							17,
							0,
							0
						],
						"0.2083": [
							4.5,
							0,
							0
						],
						"2.3333": [
							0,
							0,
							0
						]
					},
					"position": {
						"0.0": [
							0,
							-7,
							0
						],
						"0.125": [
							0,
							-5.9,
							-0.9
						],
						"0.2083": [
							0,
							3.1,
							-0.9
						],
						"0.4167": [
							0,
							"6.1+math.sin(query.anim_time*1000)*-0.5",
							-0.9
						],
						"2.0833": [
							0,
							"6.1+math.sin(query.anim_time*1000)*-0.5",
							-0.9
						],
						"2.2083": [
							0,
							5.78,
							-0.45
						],
						"2.3333": [
							0,
							-7,
							0
						]
					}
				},
				"rightArm": {
					"rotation": {
						"0.0": [
							0,
							-67.5,
							-25
						],
						"0.125": [
							55,
							-67.5,
							-25
						],
						"0.2083": [
							-47.5,
							-67.5,
							-25
						],
						"0.4167": [
							-1.68956,
							-1.84293,
							17.52718
						],
						"0.625": [
							-47.5,
							-67.5,
							-25
						],
						"0.7917": [
							50,
							-67.5,
							-25
						],
						"0.9167": [
							-47.5,
							-67.5,
							-25
						],