{
	"format_version": "1.8.0",
	"animations": {
		"animation.npc_turtleduck.idle": {
			"loop": true,
			"animation_length": 10.79167,
			"bones": {
				"body": {
					"rotation": {
						"0.0": [
							"math.sin(query.anim_time*100)*2",
							0,
							0
						],
						"0.7083": [
							1.31517,
							20.6588,
							0.61179
						],
						"1.375": [
							"0.6319+math.sin(query.anim_time*100)*2",
							43.97785,
							1.56511
						],
						"2.25": [
							0.131,
							63.97486,
							0.95527
						],
						"2.7917": [
							"-2.2513+math.sin(query.anim_time*100)*2",
							78.95726,
							-1.53597
						],
						"3.25": [
							-63.32926,
							88.0098,
							-62.22972
						],
						"3.75": [
							-170.41888,
							89.43942,
							-170.31799
						],
						"4.3333": [
							-163.06402,
							79.79071,
							-163.61095
						],
						"4.8333": [
							-181.472,
							56.04202,
							-180.80124
						],
						"7.2083": [
							"-180.8449+math.sin(query.anim_time*100)*2",
							-8.94866,
							-179.47745
						],
						"8.625": [
							-180.1926,
							-68.94578,
							-180.3759
						],
						"8.7083": [
							-183.17049,
							-82.89012,
							-178.02794
						],
						"8.8333": [
							-324.15012,
							-88.07948,
							-36.28157
						],
						"9.0417": [
							-370.98375,
							-78.65817,
							10.27842
						],
						"9.4583": [
							-353.88027,
							-52.00737,
							-3.92678
						],
						"10.2917": [
							-354.44176,
							-25.81873,
							-7.26891
						],
						"10.7917": [
							-360,
							0,
							0
						]
					},
					"position": {
						"0.0": [
							0,
							"math.sin(query.anim_time*200)*0.5",
							0
						],
						"1.7083": [
							-8.9,
							"math.sin(query.anim_time*200)*0.5",
							-10.6
						],
						"2.25": [
							-9.3,
							"math.sin(query.anim_time*200)*0.5",
							-13.3
						],
						"2.7917": [
							-9.3,
							"math.sin(query.anim_time*200)*0.5",
							-13.3
						],
						"4.8333": [
							-14.3,
							"math.sin(query.anim_time*200)*0.5",
							-7.3
						],
						"5.75": [
							-17.24,
							"math.sin(query.anim_time*200)*0.5",
							-0.56
						],
						"7.2083": [
							-16.3,
							"math.sin(query.anim_time*200)*0.5",
							8.7
						],
						"7.875": [
							-13.21,
							"math.sin(query.anim_time*200)*0.5",
							13.62
						],
						"8.625": [
							-9.3,
							"math.sin(query.anim_time*200)*0.5",
							14.7
						],
						"10.7917": [
							0,
							"math.sin(query.anim_time*200)*0.5",
							0
						]
					}
				},
				"neck": {
					"rotation": {
						"0.0": [
							"-2+math.sin(query.anim_time*100+20)*3",
							0,
							0
						],
						"0.75": [
							"-2+math.sin(query.anim_time*100+20)*3",
							0,
							0
						],
						"1.0833": [
							47.5,
							0,
							0
						],
						"1.75": [
							54.56,
							0,
							"math.sin(query.anim_time*1900)*50"
						],
						"2.0": [
							"-2+math.sin(query.anim_time*100+20)*3",
							0,
							0
						]
					}
				},
				"rightLeg": {
					"rotation": [
						"math.sin(query.anim_time*200)*-29.7833",
						1.9603,
						22.41883
					]
				},
				"rightLeg2": {
					"rotation": [
						"32.6695+math.sin(query.anim_time*200)*25",
						1.29257,
						14.94548
					]
				},
				"leftLeg": {
					"rotation": [
						"0.6669+math.sin(query.anim_time*200)*30",
						-2.49771,
						-29.90549
					]
				},
				"leftLeg_2": {
					"rotation": [
						"32+math.sin(query.anim_time*200)*-25",
						-1.30384,
						-14.94452
					]
				},
				"tail": {
					"rotation": {
						"0.0": [
							0,
							0,
							0
						],
						"0.875": [
							0,
							0,
							0
						],
						"0.9583": [
							0,
							"math.sin(query.anim_time*1500)*30",
							"math.sin(query.anim_time*1500)*30"
						],
						"1.5417": [
							0,
							"math.sin(query.anim_time*1500)*30",
							"math.sin(query.anim_time*1500)*30"
						],
						"1.7083": [
							0,
							0,
							0
						],
						"5.0833": [
							0,
							0,
							0
						],
						"5.9583": [
							0,
							0,
							0
						],
						"6.0417": [
							0,
							"math.sin(query.anim_time*1500)*30",
							"math.sin(query.anim_time*1500)*30"
						],
						"6.625": [
							0,
							"math.sin(query.anim_time*1500)*30",
							"math.sin(query.anim_time*1500)*30"
						],
						"6.7917": [
							0,
							0,
							0
						],
						"8.8333": [
							0,
							0,
							0
						],
						"9.7083": [
							0,
							0,
							0
						],
						"9.7917": [
							0,
							"math.sin(query.anim_time*1500)*30",
							"math.sin(query.anim_time*1500)*30"
						],
						"10.375": [
							0,
							"math.sin(query.anim_time*1500)*30",
							"math.sin(query.anim_time*1500)*30"
						],
						"10.5417": [
							0,
							0,
							0
						]
					}
				},
				"body2": {
					"rotation": {
						"0.0": [
							0,
							"math.sin(query.anim_time*800)*1",
							"math.sin(query.anim_time*800+40)*1"
						],
						"1.375": [
							0,
							"math.sin(query.anim_time*800)*1",
							"math.sin(query.anim_time*800+40)*1"
						],
						"1.5": [
							0,
							"22.5+math.sin(query.anim_time*800)",
							"0+math.sin(query.anim_time*800+40)*1"
						],
						"2.5": [
							0,
							"70+math.sin(query.anim_time*800)",
							"math.sin(query.anim_time*800+40)*1"
						],
						"3.75": [
							0,
							70,
							0
						],
						"4.0417": [
							11.96175,
							86.75699,
							13.14156
						],
						"4.2917": [
							-177.5012,
							73.96151,
							-176.096
						],
						"4.5": [
							-180.97567,
							59.30265,
							-178.92663
						],
						"4.6667": [
							-180,
							"44.4696+math.sin(query.anim_time*800)",
							"-180+math.sin(query.anim_time*800+40)"
						],
						"5.7083": [
							-180,
							"29.4696+math.sin(query.anim_time*800)",
							"-180+math.sin(query.anim_time*800+40)"
						],
						"7.4583": [
							-180,
							"-5.5304+math.sin(query.anim_time*800)",
							"-180+math.sin(query.anim_time*800+40)"
						],
						"7.875": [
							-180,
							"-38.0304+math.sin(query.anim_time*800)",
							"-180+math.sin(query.anim_time*800+40)"
						],
						"8.3333": [
							-183.3701,
							-74.87792,
							-179.23335
						],
						"8.7083": [
							-270,
							-89.44306,
							-89.88469
						],
						"9.0417": [
							-72.82718,
							-84.87273,
							-287.8074
						],
						"9.2917": [
							-7.38889,
							-60.44437,
							-354.36203
						],
						"9.5417": [
							-10.61384,
							-48.20518,
							-352.51449
						],
						"10.125": [
							0,
							11.0203,
							-360
						],
						"10.75": [
							0,
							0,
							-360
						]
					},
					"position": {
						"0.0": [
							0,
							"math.sin(query.anim_time*200+120)*0.3",
							0
						],
						"1.375": [
							0,
							"math.sin(query.anim_time*200+120)*0.3",
							0
						],
						"1.5": [
							0,
							"math.sin(query.anim_time*200+120)*0.3",
							0
						],
						"1.7917": [
							-4.38,
							"math.sin(query.anim_time*200+120)*0.3",
							-3.41
						],
						"2.5": [
							-15,
							"math.sin(query.anim_time*200+120)*0.3",
							-2.1
						],
						"3.75": [
							-15,
							"math.sin(query.anim_time*200+120)*0.3",
							-1.3
						],
						"4.0": [
							-14.6,
							"math.sin(query.anim_time*200+120)*0.3",
							0.66
						],
						"4.6667": [
							-15,
							"math.sin(query.anim_time*200+120)*0.3",
							3.6
						],
						"7.875": [
							-12.2,
							"math.sin(query.anim_time*200+120)*0.3",
							3.6
						],
						"9.5417": [
							3.8,
							"math.sin(query.anim_time*200+120)*0.3",
							3.6
						],
						"9.875": [
							3.8,
							"math.sin(query.anim_time*200+120)*0.3",
							3.6
						],
						"10.3333": [
							0,
							"math.sin(query.anim_time*200+120)*0.3",
							0
						]
					}
				},