{
	"format_version": "1.8.0",
	"animations": {
		"animation.npc_fireferret.sleeping_idle": {
			"loop": true,
			"animation_length": 5.83333,
			"bones": {
				"body": {
					"rotation": [
						0,
						0,
						-10
					],
					"position": [
						0,
						-2,
						0
					],
					"scale": [
						"1+math.sin(query.anim_time*60)*0.02",
						"1+math.sin(query.anim_time*60)*0.06",
						1
					]
				},
				"neck": {
					"rotation": [
						56.44507,
						-54.80333,
						18.48906
					],
					"position": [
						0.5,
						-0.8,
						-0.8
					]
				},
				"tail": {
					"rotation": [
						-28.9652,
						64.14482,
						-11.82367
					],
					"position": [
						0.2,
						0,
						0.6
					]
				},
				"tail_2": {
					"rotation": {
						"0.0": [
							-50.1177,
							42.60849,
							-83.76615
						],
						"0.625": [
							-50.12,
							42.61,
							-83.77
						],
						"0.875": [
							-17.39354,
							34.17527,
							-29.97165
						],
						"1.2083": [
							-14.5143,
							30.7786,
							-23.71283
						],
						"1.4583": [
							-50.12,
							42.61,
							-83.77
						],
						"3.0": [
							-50.12,
							42.61,
							-83.77
						],
						"3.1667": [
							-20.63985,
							26.31739,
							-85.65
						],
						"3.25": [
							-16.66927,
							24.10823,
							-86.69885
						],
						"3.4583": [
							-50.12,
							42.61,
							-83.77
						]
					},
					"position": [
						0,
						-1.1,
						0
					]
				},
				"rightleg": {
					"rotation": [
						-64.79923,
						-53.823,
						-12.48709
					],
					"position": [
						-0.8,
						-3.9,
						-2.1
					]
				},
				"leftLeg": {
					"rotation": [
						-44.49505,
						-5.77266,
						-8.36298
					],
					"position": [
						1,
						-2,
						0
					]
				},
				"leftthigh": {
					"rotation": [
						-6.47548,
						-0.56531,
						6.03198
					],
					"position": [
						0.7,
						-2.2,
						-3
					]
				},
				"rightthigh": {
					"rotation": [
						-31.7546,
						17.43492,
						-10.32672
					],
					"position": [
						0,
						-2.4,
						-0.4
					]
				},
				"head": {
					"rotation": [
						"-60.5924+math.sin(query.anim_time*60)*-5",
						1.74046,
						14.7808
					],
					"position": [
						0,
						-0.5,
						-0.7
					],
					"scale": [
						"1+math.sin(query.anim_time*60)*-0.02",
						"1+math.sin(query.anim_time*60)*-0.02",
						"1+math.sin(query.anim_time*60)*-0.04"
					]
				},
				"ear_left": {
					"rotation": {
						"0.0": [
							-3.07269,
							-19.5386,
							11.32641
						],
						"3.625": [
							-3.07,
							-19.54,
							11.33
						],
						"3.7083": [
							-6.96543,
							-65.40572,
							16.64123
						],
						"3.8333": [
							-3.14394,
							-23.03486,
							11.53356
						]
					}
				},
				"ear_right": {
					"rotation": {
						"0.0": [
							-1.54092,
							24.09848,
							-13.59141
						],
						"1.375": [
							-1.54,
							24.1,
							-13.59
						],
						"1.5833": [
							8.53627,
							22.67203,
							11.4531
						],
						"1.75": [
							5.56874,
							23.53283,
							3.8996
						],
						"2.0": [
							-1.54,
							24.1,
							-13.59
						]
					}
				},
				"rightpaw": {
					"rotation": [
						60.25809,
						-6.3934,
						19.74965
					],
					"position": [
						0,
						-0.2,
						0.9
					]
				},
				"leftpaw": {
					"rotation": [
						31.5226,
						-7.8817,
						14.0504
					],
					"position": [
						0,
						0,
						0.3
					]
				},
				"rightleg2": {
					"rotation": [
						-31.12204,
						-1.08885,
						-9.12012
					],
					"position": [
						0,
						0.5,
						0.7
					]
				},
				"rightpaw2": {
					"rotation": [
						57.61538,
						-8.31588,
						26.14171
					],
					"position": [
						0,
						-0.5,
						0
					]
				},
				"leftleg2": {
					"rotation": [
						-57.31122,
						-4.80387,
						-0.1128
					],
					"position": [
						0.8,
						0.7,
						0.3
					]
				},
				"leftpaw2": {
					"rotation": [
						64.90545,
						2.48409,
						4.7603
					],
					"position": [
						0,
						0,
						1
					]
				}
			}
		}
	}
}