{
	"format_version": "1.8.0",
	"animations": {
		"animation.npc_otterpenguin.idle": {
			"loop": true,
			"animation_length": 12.625,
			"bones": {
				"body": {
					"rotation": {
						"0.0": [
							"math.sin(query.anim_time*100)*2",
							0,
							0
						],
						"1.6667": [
							"math.sin(query.anim_time*100)*2",
							0,
							0
						],
						"1.8333": [
							12.5,
							0,
							0
						],
						"2.7083": [
							-7.5,
							0,
							0
						],
						"2.9583": [
							"math.sin(query.anim_time*100)*2",
							0,
							0
						],
						"8.6667": [
							"math.sin(query.anim_time*100)*2",
							0,
							0
						],
						"8.9583": [
							0,
							0,
							0
						],
						"9.0833": [
							1.6515,
							-4.03587,
							-4.83655
						],
						"9.2917": [
							1.67591,
							3.9336,
							5.18772
						],
						"9.5": [
							1.6515,
							-4.03587,
							-4.83655
						],
						"9.6667": [
							1.67591,
							3.9336,
							5.18772
						],
						"9.8333": [
							"math.sin(query.anim_time*100)*2",
							0,
							0
						],
						"10.4167": [
							"math.sin(query.anim_time*100)*2",
							0,
							0
						]
					},
					"position": {
						"0.0": [
							0,
							0,
							"math.sin(query.anim_time*100)*-0.3"
						],
						"1.6667": [
							0,
							0,
							"math.sin(query.anim_time*100)*-0.3"
						],
						"1.8333": [
							0,
							0,
							-1.9
						],
						"2.7083": [
							0,
							0.4,
							1.2
						],
						"2.9583": [
							0,
							0,
							"math.sin(query.anim_time*100)*-0.3"
						],
						"8.6667": [
							0,
							0,
							"math.sin(query.anim_time*100)*-0.3"
						],
						"8.9583": [
							0,
							0,
							0
						],
						"9.0833": [
							-0.7,
							0,
							0
						],
						"9.2917": [
							0.8,
							0,
							0
						],
						"9.5": [
							-0.7,
							0,
							0
						],
						"9.6667": [
							0.8,
							0,
							0
						],
						"9.8333": [
							0,
							0,
							"math.sin(query.anim_time*100)*-0.3"
						],
						"10.4167": [
							0,
							0,
							"math.sin(query.anim_time*100)*-0.3"
						]
					}
				},
				"head": {
					"rotation": {
						"0.0": [
							"math.sin(query.anim_time*100+40)*-2",
							0,
							0
						],
						"0.125": [
							"math.sin(query.anim_time*100+40)*-2",
							0,
							0
						],
						"0.2917": [
							"math.sin(query.anim_time*100+40)*-0.963",
							15.08301,
							5.83246
						],
						"0.8333": [
							"math.sin(query.anim_time*100+40)*-0.963",
							15.08301,
							5.83246
						],
						"1.0": [
							"math.sin(query.anim_time*100+40)*-2",
							0,
							0
						],
						"1.625": [
							"math.sin(query.anim_time*100+40)*-2",
							0,
							0
						],
						"1.7917": [
							13,
							0,
							0
						],
						"2.0417": [
							-47,
							"math.sin(query.anim_time*1800)*60",
							0
						],
						"2.7083": [
							13,
							0,
							0
						],
						"2.9167": [
							"math.sin(query.anim_time*100+40)*-2",
							0,
							0
						],
						"3.9583": [
							"math.sin(query.anim_time*100+40)*-2",
							0,
							0
						],
						"4.0833": [
							"-10.0178+math.sin(query.anim_time*100+40)*-1.9295",
							-14.74722,
							-7.52674
						],
						"5.9167": [
							"-10.0178+math.sin(query.anim_time*100+40)*-1.9295",
							-14.74722,
							-7.52674
						],
						"6.0417": [
							"math.sin(query.anim_time*100+40)*-2",
							0,
							0
						],
						"8.8333": [
							"math.sin(query.anim_time*100+40)*-2",
							0,
							0
						],
						"8.9583": [
							"math.sin(query.anim_time*100+40)*25",
							0,
							0
						],
						"10.0417": [
							"math.sin(query.anim_time*100+40)*25",
							0,
							0
						],
						"10.1667": [
							"math.sin(query.anim_time*100+40)*-2",
							0,
							0
						],
						"10.4167": [
							"math.sin(query.anim_time*100+40)*-2",
							0,
							0
						]
					},
					"position": {
						"0.0": [
							0,
							0,
							0
						],
						"1.625": [
							0,
							0,
							0
						],
						"1.7917": [
							0,
							-0.2,
							-0.7
						],
						"2.0417": [
							0,
							-0.2,
							0.2
						],
						"2.7083": [
							0,
							-0.2,
							-0.7
						],
						"2.9167": [
							0,
							0,
							0
						],
						"8.8333": [
							0,
							0,
							0
						],
						"8.9583": [
							0,
							0,
							-0.9
						],
						"10.0417": [
							0,
							0,
							-0.9
						],
						"10.1667": [
							0,
							0,
							0
						]
					}
				},
				"tail": {
					"rotation": {
						"0.0": [
							"math.sin(query.anim_time*100+40)*-6",
							0,
							0
						],
						"1.7083": [
							"math.sin(query.anim_time*100+40)*-6",
							0,
							0
						],
						"1.9583": [
							75,
							0,
							0
						],
						"2.6667": [
							75,
							0,
							0
						],
						"3.5417": [
							"math.sin(query.anim_time*100+40)*-6",
							0,
							0
						],
						"4.7083": [
							"math.sin(query.anim_time*100+40)*-6",
							0,
							0
						],
						"4.875": [
							0,
							"math.sin(query.anim_time*1800)*50",
							0
						],
						"5.0833": [
							0,
							"math.sin(query.anim_time*1800)*40",
							0
						],
						"5.25": [
							"math.sin(query.anim_time*100+40)*-6",
							0,
							0
						],
						"9.0": [
							"math.sin(query.anim_time*100+40)*-6",
							0,
							0
						],
						"9.0833": [
							0,
							"math.sin(query.anim_time*1800)*50",
							0
						],
						"9.375": [
							0,
							"math.sin(query.anim_time*1800)*40",
							0
						],
						"9.5417": [
							"math.sin(query.anim_time*100+40)*-6",
							0,
							0
						],
						"11.7083": [
							"math.sin(query.anim_time*100+40)*-6",
							0,
							0
						],
						"11.875": [
							0,
							"math.sin(query.anim_time*1800)*50",
							0
						],
						"12.0833": [
							0,
							"math.sin(query.anim_time*1800)*40",
							0
						],
						"12.25": [
							"math.sin(query.anim_time*100+40)*-6",
							0,
							0
						]
					}
				},
				"leftArm": {
					"rotation": {
						"0.0": [
							0,
							0,
							0
						],
						"1.625": [
							0,
							0,
							0
						],
						"1.7917": [
							-23.38005,
							15.58429,
							-3.80292
						],
						"2.0417": [
							29.3452,
							-15.25475,
							-78.83418
						],
						"2.125": [
							32.7541,
							0.48934,
							"-104.674+math.sin(query.anim_time*1800)*60"
						],
						"2.7083": [
							32.75,
							0.49,
							"-104.674+math.sin(query.anim_time*1800)*60"
						],
						"2.9167": [
							22.57366,
							9.76135,
							-33.63273
						],
						"3.125": [
							16.65943,
							15.32571,
							-78.18931
						],
						"3.3333": [
							0,
							0,
							0
						],
						"8.7083": [
							0,
							0,
							0
						],
						"9.0833": [
							-34.57718,
							-47.15707,
							-20.27628
						],
						"9.2917": [
							-32.31427,
							-46.53857,
							-44.36627
						],
						"9.5": [
							-34.57718,
							-47.15707,
							-20.27628
						],
						"9.6667": [
							-32.31427,
							-46.53857,
							-44.36627
						],
						"9.8333": [
							-34.57718,
							-47.15707,
							-20.27628
						],
						"10.0": [
							-15.07104,
							-31.87321,
							-84.9185
						],
						"10.4167": [
							0,
							0,
							0
						]
					}
				},
				"leftArm2": {
					"rotation": {
						"1.625": [
							0,
							0,
							0
						],
						"1.7917": [
							-23.38005,
							15.58429,
							-3.80292
						],
						"2.0417": [
							9.57845,
							-7.2963,
							-49.91689
						],
						"2.125": [
							0.5587,
							3.67911,
							"-44.597+math.sin(query.anim_time*1800+20)*30"
						],
						"2.7083": [
							4.45164,
							10.10242,
							"-38.6692+math.sin(query.anim_time*1800+50)*30"
						],
						"3.25": [
							0,
							0,
							0
						],