{
	"format_version": "1.8.0",
	"animations": {
		"animation.humanoid.FP.airsphere_charge": {
			"loop": "hold_on_last_frame",
			"animation_length": 0.91667,
			"bones": {
				"leftLeg": {
					"rotation": {
						"0.0": [
							0,
							0,
							0
						],
						"0.25": [
							13.79549,
							2.40766,
							-9.70869
						],
						"0.5833": [
							13.01657,
							5.19959,
							-21.40641
						],
						"0.8333": [
							12.03911,
							-3.82495,
							-1.17123
						]
					},
					"position": {
						"0.0": [
							0,
							0,
							0
						],
						"0.25": [
							0,
							0.7,
							-1.4
						],
						"0.5833": [
							0,
							0.7,
							-1.4
						],
						"0.8333": [
							0,
							2.4,
							-4.4
						]
					},
					"scale": {
						"0.25": [
							1,
							1,
							1
						],
						"0.5833": [
							1,
							1,
							1
						],
						"0.8333": [
							1,
							0.79,
							1
						]
					}
				},
				"rightLeg": {
					"rotation": {
						"0.0": [
							0,
							0,
							0
						],
						"0.25": [
							8.65674,
							-2.47131,
							15.81292
						],
						"0.5833": [
							8.16872,
							-3.7907,
							24.72922
						],
						"0.8333": [
							8.99461,
							0.31281,
							-1.9754
						]
					},
					"position": {
						"0.0": [
							0,
							0,
							0
						],
						"0.25": [
							0,
							0,
							-1.4
						],
						"0.5833": [
							0,
							0,
							-1.4
						],
						"0.8333": [
							0,
							0.9,
							-2.9
						]
					},
					"scale": {
						"0.25": [
							1,
							1,
							1
						],
						"0.5833": [
							1,
							1,
							1
						],
						"0.8333": [
							1,
							0.81,
							1
						]
					}
				},
				"body": {
					"rotation": {
						"0.0": [
							0,
							0,
							0
						],
						"0.25": [
							-13,
							0,
							0
						],
						"0.5833": [
							12,
							0,
							0
						],
						"0.8333": [
							40,
							0,
							0
						]
					}
				},
				"head": {
					"rotation": {
						"0.0": [
							0,
							0,
							0
						],
						"0.25": [
							-15,
							0,
							0
						],
						"0.5833": [
							-20,
							0,
							0
						],
						"0.8333": [
							53,
							0,
							0
						]
					},
					"position": [
						0,
						0,
						0
					]
				},
				"leftArm": {
					"rotation": {
						"0.0": [
							0,
							0,
							0
						],
						"0.25": [
							-85.56366,
							-28.75949,
							62.01787
						],
						"0.5833": [
							-128.35076,
							-16.51953,
							32.01445
						],
						"0.8333": [
							-80.25001,
							8.33053,
							-9.54168
						]
					},
					"position": [
						0,
						0,
						0
					]
				},
				"rightArm": {
					"rotation": {
						"0.0": [
							0,
							0,
							0
						],
						"0.25": [
							-78.34116,
							26.72665,
							-58.89121
						],
						"0.5833": [
							-121.5372,
							25.12971,
							-18.35093
						],
						"0.8333": [
							-80.87201,
							-5.05088,
							1.28324
						]
					},
					"position": [
						0,
						0,
						0
					]
				},
				"bone": {
					"position": [
						12.6,
						0,
						-12
					],
					"scale": [
						1.97,
						1.37,
						1.97
					]
				}
			},
			"particle_effects": {
				"0.0": {
					"effect": "air_sphere_charge",
					"locator": "air_sphere"
				}
			}
		},
		"animation.humanoid.FP.airsphere_hold": {
			"loop": true,
			"particle_effects": {
				"0.0": {
					"effect": "air_sphere",
					"locator": "air_sphere"
				}
			},
			"bones": {
				"leftLeg": {
					"rotation": [
						12.03911,
						-3.82495,
						-1.17123
					],
					"position": [
						0,
						2.4,
						-4.4
					],
					"scale": [
						1,
						0.79,
						1
					]
				},
				"rightLeg": {
					"rotation": [
						8.99461,
						0.31281,
						-1.9754
					],
					"position": [
						0,
						0.9,
						-2.9
					],
					"scale": [
						1,
						0.81,
						1
					]
				},
				"body": {
					"rotation": [
						40,
						0,
						0
					],
					"position": [
						0,
						-3.5,
						-6.6
					]
				},
				"head": {
					"rotation": [
						53,
						0,
						0
					]
				},
				"leftArm": {
					"rotation": [
						"-154+math.sin(query.anim_time*200+20)*6",
						-8.67281,
						-10.94144
					],
					"position": [
						1.9,
						4.88784,
						-6.60296
					],
					"scale": [
						0.69,
						0.86,
						0.69
					]
				},
				"rightArm": {
					"rotation": [
						"-153.0227+math.sin(query.anim_time*200+25)*6",
						9.08677,
						22.09865
					],
					"position": [
						-4.8,
						5.65918,
						-7.52221
					],
					"scale": [
						0.69,
						0.86,
						0.69
					]
				},
				"bone": {
					"position": [
						12.6,
						0,
						-12
					],
					"scale": [
						1.97,
						1.37,
						1.97
					]
				},
				"root": {
					"position": [
						0,
						"math.sin(query.anim_time*200)*1",
						0
					]
				}
			}
		},
		"animation.humanoid.FP.airsphere_release": {
			"loop": "hold_on_last_frame",
			"animation_length": 1.45833,
			"bones": {
				"leftLeg": {
					"rotation": {
						"0.2083": [
							-90,
							90,
							0
						],
						"0.375": [
							-99,
							25,
							0
						],
						"0.7083": [
							-80,
							-90,
							0
						]
					},
					"position": {
						"0.2083": [
							12,
							2,
							2.5
						],
						"0.7917": [
							-14.9,
							13.9,
							-3.6
						]
					}
				},
				"rightLeg": {
					"rotation": {
						"0.2083": [
							-90,
							90,
							0
						],
						"0.3333": [
							-90,
							15,
							0
						],
						"0.5": [
							-70,
							-90,
							0
						]
					},
					"position": {
						"0.2083": [
							20,
							2,
							2.5
						],
						"0.3333": [
							4.57,
							6.96,
							0.31
						],
						"0.5": [
							-17,
							14.9,
							-3.2
						]
					}
				},
				"body": {
					"rotation": [
						40,
						0,
						0
					],
					"position": [
						0,
						-3.5,
						-6.6
					],
					"scale": 1
				},
				"head": {
					"rotation": {
						"0.0": [
							53,
							0,
							0
						],
						"0.1667": [
							-39.5,
							0,
							0
						],
						"0.3333": [
							-39.5,
							0,
							0
						],
						"0.4583": [
							-60.31574,
							35.57448,
							-26.65174
						],
						"0.6667": [
							60.65933,
							18.11016,
							9.98747
						],
						"0.75": [
							54.82599,
							18.11016,
							9.98747
						],
						"0.875": [
							-41.84067,
							18.11016,
							9.98747
						],
						"1.125": [
							-11.92931,
							23.56274,
							30.60428
						],
						"1.2083": [
							-10.95646,
							-6.69798,
							11.01106
						],
						"1.2917": [
							3.82065,
							-0.24752,
							-7.5913
						],
						"1.375": [
							0,
							0,
							0
						]
					}
				},
				"leftArm": {
					"rotation": {
						"0.0": [
							-80.25001,
							8.33053,
							-9.54168
						],
						"0.1667": [
							-128.56991,
							30.84812,
							-26.45687
						],
						"0.3333": [
							-130.73513,
							-34.88991,
							22.00775
						],
						"0.375": [
							-159.83028,
							-42.72075,
							45.19743
						],
						"0.4167": [
							-97.73607,
							-80.81672,
							-12.22455
						],
						"0.4583": [
							-370.95389,
							-67.27278,
							257.46584
						],
						"0.5": [
							-386.46163,
							-66.57291,
							287.21009
						],
						"0.5417": [
							-369.43814,
							-70.32658,
							281.84636
						],
						"0.5833": [
							-299.99136,
							-44.60897,
							240.90689
						],
						"0.6667": [
							-289.18245,
							-9.89533,
							175.75148
						],
						"0.75": [
							-327.63902,
							-55.55818,
							191.04994
						],
						"0.9167": [
							-222.80503,
							-75.33658,
							123.94627
						],
						"1.0417": [
							-173.80503,
							-75.33658,
							123.94627
						],
						"1.125": [
							-220.30503,
							-75.33658,
							123.94627
						],