{
	"format_version": "1.8.0",
	"animations": {
		"animation.npc_eip.toph": {
			"loop": true,
			"bones": {
				"body": {
					"rotation": [
						"math.sin(query.anim_time*100)*2",
						0,
						0
					],
					"position": [
						0,
						-1.7,
						"math.sin(query.anim_time*100)*-0.5"
					]
				},
				"leftArm": {
					"rotation": [
						-170.23242,
						-2.15393,
						12.31594
					],
					"position": [
						0,
						3,
						0
					]
				},
				"rightArm": {
					"rotation": [
						-170.23242,
						2.15393,
						-12.31594
					],
					"position": [
						0,
						3,
						0
					]
				},
				"leftLeg": {
					"rotation": [
						0,
						0,
						-10
					]
				},
				"rightLeg": {
					"rotation": [
						0,
						0,
						10
					]
				},
				"earth_cube3": {
					"position": [
						0,
						-2.7,
						"math.sin(query.anim_time*100)*-1"
					]
				}
			}
		},
		"animation.npc_eip.sokka": {
			"loop": true,
			"animation_length": 1.25,
			"bones": {
				"body": {
					"rotation": {
						"0.0": [
							0,
							0,
							0
						],
						"0.9167": [
							0,
							-15,
							0
						],
						"1.25": [
							0,
							0,
							0
						]
					},
					"position": [
						0,
						-4.5,
						0
					]
				},
				"head": {
					"rotation": {
						"0.0": [
							0,
							-17.5,
							0
						],
						"0.625": [
							0,
							-17.5,
							0
						]
					}
				},
				"leftArm": {
					"rotation": {
						"0.0": [
							-60,
							0,
							-30
						],
						"0.9167": [
							50,
							0,
							-30
						],
						"1.0833": [
							-4.62111,
							-1.91134,
							-52.42287
						],
						"1.25": [
							-60,
							0,
							-30
						]
					}
				},
				"rightArm": {
					"rotation": {
						"0.0": [
							-88.35133,
							-20.70481,
							-9.00717
						],
						"0.9167": [
							-50.2266,
							-48.30307,
							-24.20373
						],
						"1.0833": [
							-91.78896,
							-34.50394,
							-16.60545
						],
						"1.25": [
							-88.35133,
							-20.70481,
							-9.00717
						]
					},
					"position": {
						"0.0": [
							0,
							0,
							0
						],
						"0.9167": [
							2,
							0,
							-1.5
						],
						"1.25": [
							0,
							0,
							0
						]
					}
				},
				"leftLeg": {
					"rotation": [
						-50,
						0,
						0
					],
					"position": [
						0,
						-2.5,
						0
					]
				},
				"rightLeg": {
					"rotation": [
						-50,
						0,
						0
					],
					"position": [
						0,
						-2.5,
						0
					]
				},
				"Oar": {
					"rotation": {
						"0.0": [
							-146.83885,
							-40.75814,
							-212.09657
						],
						"0.9167": [
							-194.04363,
							-55.1359,
							-181.11443
						],
						"1.0833": [
							-198.03668,
							-52.53387,
							-179.32447
						],
						"1.25": [
							-171.07337,
							-50.06774,
							-178.64894
						]
					}
				}
			}
		},
		"animation.npc_eip.aang": {
			"loop": true,
			"bones": {
				"body": {
					"rotation": [
						0,
						0,
						"-10+math.sin(query.anim_time*100)"
					],
					"position": [
						"-0.5+math.sin(query.anim_time*100)*0.1",
						1,
						0
					]
				},
				"head": {
					"rotation": [
						0,
						0,
						"12.5+math.sin(query.anim_time*100+45)"
					]
				},
				"leftArm": {
					"rotation": [
						0,
						0,
						"-15+math.sin(query.anim_time*100)*-1"
					]
				},
				"rightArm": {
					"rotation": [
						0,
						0,
						"22.5+math.sin(query.anim_time*100)*-1"
					]
				},
				"leftLeg": {
					"rotation": [
						0,
						0,
						7.5
					],
					"position": [
						1.5,
						0,
						0
					]
				},
				"rightLeg": {
					"rotation": [
						0,
						0,
						7.5
					],
					"position": [
						0.5,
						0,
						0
					]
				}
			}
		},
		"animation.npc_eip.zuko": {
			"loop": true,
			"bones": {
				"body": {
					"rotation": [
						7.5,
						0,
						0
					],
					"position": [
						0,
						0,
						-1
					]
				},
				"head": {
					"rotation": [
						"math.sin(query.anim_time*100+20)*2",
						0,
						0
					]
				},
				"leftArm": {
					"rotation": [
						"-107.4647+math.sin(query.anim_time*100)*2",
						5.06438,
						0.03022
					]
				},
				"rightArm": {
					"rotation": [
						"32.5+math.sin(query.anim_time*100+40)*2",
						0,
						0
					]
				},
				"leftLeg": {
					"rotation": [
						-77.5,
						0,
						0
					]
				},
				"rightLeg": {
					"rotation": [
						15,
						0,
						0
					]
				},
				"Scope": {
					"rotation": [
						-78.03731,
						1.57776,
						-7.31361
					],
					"position": [
						-3,
						1.5,
						-2.5
					]
				}
			}
		},
		"animation.npc_eip.katara": {
			"loop": true,
			"animation_length": 2.5,
			"bones": {
				"body": {
					"rotation": {
						"0.0": [
							7.5,
							0,
							0
						],
						"0.5417": [
							7.5,
							0,
							0
						],
						"1.2917": [
							7.5,
							0,
							0
						],
						"2.5": [
							7.5,
							0,
							0
						]
					},
					"position": {
						"0.0": [
							0,
							0,
							-1.75
						],
						"0.5417": [
							0,
							0,
							-1.5
						],
						"1.2917": [
							0,
							0,
							-1.5
						],
						"2.5": [
							0,
							0,
							-1.75
						]
					}
				},
				"head": {
					"rotation": {
						"0.0": [
							-6.04,
							0,
							0
						],
						"0.2917": [
							-6.04,
							0,
							0
						],
						"0.5417": [
							-7.5,
							0,
							0
						],
						"1.7083": [
							0,
							0,
							0
						],
						"2.5": [
							-6.04,
							0,
							0
						]
					},
					"position": {
						"0.0": [
							0,
							0,
							0
						],
						"0.5417": [
							0,
							0,
							0
						],
						"1.7083": [
							0,
							0,
							0
						],
						"2.5": [
							0,
							0,
							0
						]
					}
				},
				"hat": {
					"rotation": {
						"0.0": [
							0,
							0,
							0
						],
						"1.7083": [
							0,
							0,
							0
						],
						"2.5": [
							0,
							0,
							0
						]
					},
					"position": {
						"0.0": [
							0,
							0,
							0
						],
						"1.7083": [
							0,
							0,
							0
						],
						"2.5": [
							0,
							0,
							0
						]
					}
				},
				"leftArm": {
					"rotation": {
						"0.0": [
							-153.27255,
							-2.53831,
							6.49237
						],
						"0.5417": [
							-153.27255,
							-2.53831,
							6.49237
						],
						"0.9167": [
							-160.77255,
							-2.53831,
							6.49237
						],
						"1.2917": [
							-153.27255,
							-2.53831,
							6.49237
						],
						"1.7917": [
							-153.27255,
							-2.53831,
							6.49237
						],
						"2.1667": [
							-160.77255,
							-2.53831,
							6.49237
						],
						"2.5": [
							-153.27255,
							-2.53831,
							6.49237
						]
					},
					"position": {
						"0.0": [
							0,
							0,
							0
						],
						"1.7083": [
							0,
							0,
							0
						],
						"2.5": [
							0,
							0,
							0
						]
					}
				},
				"rightArm": {
					"rotation": {
						"0.0": [
							0,
							0,
							0
						],
						"0.5417": [
							12.5707,
							9.22973,
							9.21658
						],
						"1.2917": [
							12.5,
							0,
							0
						],
						"1.7083": [
							0,
							0,
							0
						],
						"2.0417": [
							-5,
							0,
							0
						],
						"2.5": [
							0,
							0,
							0
						]
					},
					"position": {
						"0.0": [
							0,
							0,
							0
						],
						"1.7083": [
							0,
							0,
							0
						],
						"2.5": [
							0,
							0,
							0
						]
					}
				},
				"leftLeg": {
					"rotation": {
						"0.0": [
							0,
							0,
							0
						],
						"1.7083": [
							0,
							0,
							0
						],
						"2.5": [
							0,
							0,
							0
						]
					},
					"position": {
						"0.0": [
							0,
							0,
							0
						],
						"1.7083": [
							0,
							0,
							0
						],